Brand,Resolution,Size ,Selling Price,Original Price,Operating System,Rating,Discount Percentage,Price Category
TOSHIBA,Ultra HD LED,55,37999,54990,VIDAA,4.3,30.9,Orta Segment
TCL ,QLED Ultra HD,55,52999,129990,Android,4.4,59.23,Premium
realme ,HD LED,32,13999,17999,Android,4.3,22.22,Ekonomik
Mi ,HD LED,32,14999,19999,Android,4.4,25.0,Ekonomik
realme ,HD LED,32,12999,21999,Android,4.3,40.91,Ekonomik
OnePlus,HD LED,32,15999,19999,Android,4.3,20.0,Ekonomik
OnePlus,Full HD LED,43,25999,29999,Android,4.3,13.33,Orta Segment
TCL ,Ultra HD LED,65,57999,119990,Android,4.2,51.66,Premium
Mi ,Full HD LED,40,21999,29999,Android,4.3,26.67,Orta Segment
realme ,Ultra HD LED,43,26999,32999,Android,4.3,18.18,Orta Segment
Mi ,Ultra HD LED,43,27999,34999,Android,4.3,20.0,Orta Segment
Hisense,Ultra HD LED,55,36999,49990,Android,4.4,25.99,Orta Segment
Mi ,Ultra HD LED,50,35999,41999,Android,4.3,14.29,Orta Segment
Mi ,HD LED,32,15499,19999,Android,4.3,22.5,Ekonomik
Mi ,HD LED,32,14999,19999,Android,4.3,25.0,Ekonomik
Hisense,Ultra HD LED,70,89999,119990,Android,4.4,24.99,Premium
LG ,HD LED,32,17499,21990,Linux,4.4,20.42,Ekonomik
Mi ,Full HD LED,43,25999,31999,Android,4.3,18.75,Orta Segment
Mi ,Ultra HD LED,55,45999,69999,Android,4.2,34.29,Orta Segment
TOSHIBA,Ultra HD LED,43,27999,39990,VIDAA,4.3,29.98,Orta Segment
MarQ by Flipkart,HD LED,32,9999,19999,Android,4.3,50.0,Ekonomik
Mi ,Ultra HD LED,43,31999,49999,Android,4.2,36.0,Orta Segment
iFFALCON by TCL,Ultra HD LED,55,32999,70990,Android,4.3,53.52,Orta Segment
TCL ,Ultra HD LED,50,33999,62990,Android,4.4,46.02,Orta Segment
OnePlus,Full HD LED,40,22499,27999,Android,4.3,19.64,Orta Segment
Coocaa ,HD LED,32,10999,36990,Android,4.2,70.26,Ekonomik
TOSHIBA,HD LED,32,12499,14990,VIDAA,4.4,16.62,Ekonomik
Mi ,Full HD LED,43,24999,34999,Android,4.3,28.57,Orta Segment
SAMSUNG,Ultra HD LED,43,38990,54900,Tizen,4.3,28.98,Orta Segment
Mi ,Ultra HD LED,55,42999,49999,Android,4.3,14.0,Orta Segment
LG ,Full HD LED,43,33490,40990,WebOS,4.4,18.3,Orta Segment
Infinix,Full HD LED,43,20499,24999,Android,4.2,18.0,Orta Segment
Mi ,Ultra HD LED,50,41999,59999,Android,4.2,30.0,Orta Segment
Infinix,HD LED,32,11999,17999,Android,4.2,33.34,Ekonomik
LG ,Ultra HD LED,55,52999,79990,WebOS,4.4,33.74,Premium
Vu,Ultra HD LED,55,46999,85000,Android,4.4,44.71,Orta Segment
Nokia ,Ultra HD LED,43,32999,48999,Android,4.4,32.65,Orta Segment
Vu,Ultra HD LED,43,31000,39999,Android,4.4,22.5,Orta Segment
Nokia ,Ultra HD LED,50,39999,59999,Android,4.4,33.33,Orta Segment
Thomson,Ultra HD LED,50,32999,40999,Android,4.4,19.51,Orta Segment
Thomson,HD LED,24,8499,10499,Android,4.1,19.05,Ekonomik
Mi ,QLED Ultra HD,55,58999,59999,Android,4.4,1.67,Premium
OnePlus,Ultra HD LED,55,49999,59999,Android,4.3,16.67,Orta Segment
Vu,Ultra HD LED,50,40999,65000,Android,4.4,36.92,Orta Segment
LG ,Ultra HD LED,43,42990,59990,WebOS,4.5,28.34,Orta Segment
iFFALCON by TCL,Ultra HD LED,43,24999,47990,Android,4.3,47.91,Orta Segment
Nokia ,Ultra HD LED,43,31999,45999,Android,4.1,30.44,Orta Segment
Thomson,Full HD LED,42,20499,27999,Android,4.3,26.79,Orta Segment
Thomson,Ultra HD LED,55,34999,46999,Android,4.2,25.53,Orta Segment
iFFALCON by TCL,Full HD LED,43,21999,44990,Android,4.2,51.1,Orta Segment
Nokia ,Ultra HD LED,55,44999,62999,Android,4.4,28.57,Orta Segment
SONY ,HD LED,32,25490,29900,Linux,4.5,14.75,Orta Segment
Thomson,Ultra HD LED,50,31999,42999,Android,4.2,25.58,Orta Segment
KODAK ,Ultra HD LED,55,36999,47999,Android,4.4,22.92,Orta Segment
MOTOROLA,Ultra HD LED,43,32999,46999,Android,4.3,29.79,Orta Segment
Thomson,Full HD LED,40,19499,21499,Android,4.4,9.3,Ekonomik
SAMSUNG,HD LED,32,18490,20900,Tizen,4.3,11.53,Ekonomik
LG ,Ultra HD LED,50,49999,64990,WebOS,4.4,23.07,Orta Segment
iFFALCON by TCL,Ultra HD LED,55,35999,106990,Android,4.3,66.35,Orta Segment
Thomson,HD LED,32,11999,14499,Android,4.4,17.24,Ekonomik
MOTOROLA,QLED Ultra HD,50,45999,59999,Android,4.3,23.33,Orta Segment
MOTOROLA,Full HD LED,40,24999,39999,Android,4.4,37.5,Orta Segment
KODAK ,HD LED,32,12999,18499,Android,4.4,29.73,Ekonomik
SAMSUNG,Ultra HD LED,50,51990,71400,Tizen,4.3,27.18,Premium
MOTOROLA,HD LED,32,20999,29999,Android,4.4,30.0,Orta Segment
TCL ,QLED Ultra HD,50,45999,109990,Android,4.4,58.18,Orta Segment
SONY ,Full HD LED,43,43490,44900,Linux,4.5,3.14,Orta Segment
PHILIPS,Ultra HD LED,58,45999,89990,Android,4.2,48.88,Orta Segment
Coocaa ,Ultra HD LED,55,34999,73990,Android,4.3,52.7,Orta Segment
PHILIPS,Ultra HD LED,50,38999,69990,Linux,4.2,44.28,Orta Segment
Nokia ,QLED Ultra HD,55,54999,79999,Android,4.2,31.25,Premium
SONY ,Full HD LED,49,44999,69900,Android,4.5,35.62,Orta Segment
KODAK ,Full HD LED,40,19499,20999,Android,4.4,7.14,Ekonomik
KODAK ,Full HD LED,42,20499,27999,Android,4.4,26.79,Orta Segment
MOTOROLA,Ultra HD LED,50,39999,54999,Android,4.3,27.27,Orta Segment
Acer,HD LED,32,13999,19990,Android,3.9,29.97,Ekonomik
TCL ,Full HD LED,55,41999,109990,Android,4.3,61.82,Orta Segment
SAMSUNG,HD LED,32,16290,16400,Tizen,4.3,0.67,Ekonomik
TCL ,Ultra HD LED,43,29999,51990,Linux,4.4,42.3,Orta Segment
Blaupunkt,Full HD LED,42,20999,29999,Android,4.4,30.0,Orta Segment
PHILIPS,Full HD LED,43,29999,44990,Android,4.2,33.32,Orta Segment
Nokia ,Ultra HD LED,55,39999,59999,Android,4.3,33.33,Orta Segment
Hisense,Ultra HD LED,55,46999,59990,Android,4.5,21.66,Orta Segment
realme ,Ultra HD LED,50,39999,42999,Android,4.3,6.98,Orta Segment
SAMSUNG,QLED Ultra HD,55,76999,129900,Tizen,4.5,40.72,Premium
Nokia ,HD LED,32,16499,19999,Android,4.3,17.5,Ekonomik
PHILIPS,Ultra HD LED,50,42999,79990,Android,4.0,46.24,Orta Segment
Mi ,Full HD LED,43,24999,25999,Android,4.4,3.85,Orta Segment
Acer,Full HD LED,42,21999,29990,Android,3.9,26.65,Orta Segment
Acer,Ultra HD LED,50,34999,44990,Android,3.6,22.21,Orta Segment
KODAK ,Ultra HD LED,43,25999,37999,Android,4.4,31.58,Orta Segment
Nokia ,Ultra HD LED,50,35999,54999,Android,4.3,34.55,Orta Segment
Coocaa ,Full HD LED,42,18999,48990,Android,4.2,61.22,Ekonomik
Blaupunkt,Ultra HD LED,50,34499,47999,Android,4.7,28.13,Orta Segment
SAMSUNG,Ultra HD LED,55,55990,76900,Tizen,4.3,27.19,Premium
iFFALCON by TCL,QLED Ultra HD,55,44999,126990,Android,4.3,64.56,Orta Segment
Thomson,Ultra HD LED,65,53999,70499,Android,4.4,23.4,Premium
SAMSUNG,Full HD LED,32,20880,24275,Tizen,4.2,13.99,Orta Segment
iFFALCON by TCL,Full HD LED,40,19999,36990,Android,4.3,45.93,Ekonomik
Blaupunkt,Ultra HD LED,43,28999,41999,Android,4.7,30.95,Orta Segment
Thomson,Ultra HD LED,43,22999,29999,Android,4.3,23.33,Orta Segment
Adsun,HD LED,32,8699,16999,Android,3.8,48.83,Ekonomik
LG ,Ultra HD LED,55,57999,89990,WebOS,4.5,35.55,Premium
SONY ,Ultra HD LED,43,44999,66900,Linux,4.5,32.74,Orta Segment
SAMSUNG,QLED Ultra HD,50,84999,119900,Tizen,4.8,29.11,Premium
TCL ,Ultra HD LED,55,39999,75990,Android,4.4,47.36,Orta Segment
Acer,Ultra HD LED,58,38999,59990,Android,4.0,34.99,Orta Segment
Thomson,Ultra HD LED,43,27999,37999,Android,4.4,26.32,Orta Segment
SAMSUNG,QLED Ultra HD,50,68999,112900,Tizen,4.5,38.88,Premium
Vu,Ultra HD LED,65,56999,75000,Android,4.4,24.0,Premium
TCL ,HD LED,32,16499,29990,Android,4.2,44.98,Ekonomik
Hisense,Ultra HD LED,43,29990,36990,Android,4.3,18.92,Orta Segment
KODAK ,Ultra HD LED,55,34499,39990,Android,4.3,13.73,Orta Segment
SONY ,Full HD LED,43,44900,44900,Linux,4.6,0.0,Orta Segment
Blaupunkt,Ultra HD LED,55,39999,55999,Android,4.7,28.57,Orta Segment
Thomson,HD LED,32,11999,14990,Android,4.1,19.95,Ekonomik
Hisense,Ultra HD LED,43,30999,36990,Android,4.4,16.2,Orta Segment
SAMSUNG,Full HD LED,43,32999,53900,Tizen,4.4,38.78,Orta Segment
SAMSUNG,Full HD LED,43,36580,39900,Tizen,4.3,8.32,Orta Segment
KODAK ,HD LED,24,8499,10499,Android,4.0,19.05,Ekonomik
Thomson,Ultra HD LED,55,34999,46999,Android,4.3,25.53,Orta Segment
SONY ,Ultra HD LED,43,56720,72900,Linux,4.8,22.19,Premium
T-Series,HD LED,24,9990,12990,Android,3.8,23.09,Ekonomik
MOTOROLA,HD LED,32,17999,21799,Android,4.3,17.43,Ekonomik
Panasonic,Ultra HD LED,50,37999,42990,Android,4.2,11.61,Orta Segment
MOTOROLA,QLED Ultra HD,55,55999,63999,Android,4.3,12.5,Premium
TCL ,Full HD LED,65,63999,159990,Android,4.3,60.0,Premium
Coocaa ,Ultra HD LED,43,23999,54990,Android,4.3,56.36,Orta Segment
LG ,Ultra HD LED,55,65999,109990,WebOS,4.5,40.0,Premium
Coocaa ,Ultra HD LED,50,31499,64990,Android,4.3,51.53,Orta Segment
TCL ,Full HD LED,43,27190,47990,Android,4.3,43.34,Orta Segment
Vu,Ultra HD LED,43,30999,36000,Android,4.3,13.89,Orta Segment
TOSHIBA,Full HD LED,43,22499,26990,VIDAA,4.4,16.64,Orta Segment
Hisense,Ultra HD LED,58,41999,50990,Android,4.4,17.63,Orta Segment
MOTOROLA,Ultra HD LED,65,56999,115399,Android,4.3,50.61,Premium
LG ,HD LED,32,24057,29990,WebOS,4.3,19.78,Orta Segment
SAMSUNG,QLED Ultra HD,50,73990,119900,Tizen,4.3,38.29,Premium
Nokia ,Full HD LED,43,26999,39999,Android,4.2,32.5,Orta Segment
Micromax,HD LED,32,13299,19900,Android,4.4,33.17,Ekonomik
KODAK ,Ultra HD LED,50,32999,42999,Android,4.4,23.26,Orta Segment
Micromax,HD LED,39,18999,24990,Android,3.5,23.97,Ekonomik
KODAK ,Ultra HD LED,50,30999,33999,Android,4.3,8.82,Orta Segment
Nokia ,Ultra HD LED,55,44999,59999,Android,4.1,25.0,Orta Segment
iFFALCON by TCL,Ultra HD LED,65,53999,106990,Android,4.3,49.53,Premium
PHILIPS,Ultra HD LED,58,41999,119990,Android,4.2,65.0,Orta Segment
Sansui ,Ultra HD LED,50,36990,45190,Android,4.5,18.15,Orta Segment
SAMSUNG,QLED Ultra HD,43,59990,94900,Tizen,4.7,36.79,Premium
LG ,HD LED,32,19890,27990,Linux,4.3,28.94,Ekonomik
OnePlus,Ultra HD LED,55,52999,59999,Android,4.3,11.67,Premium
MOTOROLA,Ultra HD LED,43,35999,49999,Android,4.4,28.0,Orta Segment
SONY ,Full HD LED,43,46799,52900,Android,4.7,11.53,Orta Segment
TCL ,Full HD LED,50,34999,89990,Android,4.3,61.11,Orta Segment
SAMSUNG,Ultra HD LED,43,41900,49990,Tizen,4.28,16.18,Orta Segment
Panasonic,Ultra HD LED,55,46999,109900,Linux,4.2,57.23,Orta Segment
LG ,Ultra HD LED,43,41349,57990,WebOS,4.3,28.7,Orta Segment
SONY ,Ultra HD LED,43,67990,74900,Linux,4.7,9.23,Premium
SAMSUNG,HD LED,32,21600,22900,Tizen,4.5,5.68,Orta Segment
SAMSUNG,QLED Ultra HD,65,121990,222900,Tizen,4.3,45.27,Ultra Premium
MOTOROLA,Ultra HD LED,65,66999,79999,Android,4.4,16.25,Premium
LG ,Ultra HD LED,65,83599,119990,WebOS,4.4,30.33,Premium
SAMSUNG,QLED Ultra HD,55,128999,169900,Tizen,4.6,24.07,Ultra Premium
SONY ,Ultra HD LED,49,75099,89900,Android,4.4,16.46,Premium
SONY ,Ultra HD LED,55,73999,99990,Linux,4.5,25.99,Premium
Croma ,HD LED,32,10990,20000,Android,4.8,45.05,Ekonomik
SAMSUNG,Ultra HD LED,50,57989,73900,Tizen,4.7,21.53,Premium
LG ,Ultra HD LED,65,129999,229900,WebOS,5.0,43.45,Ultra Premium
SAMSUNG,QLED Ultra HD,55,84990,134900,Tizen,4.7,37.0,Premium
SAMSUNG,Ultra HD LED,43,45400,56900,Linux,4.3,20.21,Orta Segment
Croma ,HD LED,24,7990,15000,Android,4.28,46.73,Ekonomik
LG ,Ultra HD LED,55,137490,299990,WebOS,4.3,54.17,Ultra Premium
SAMSUNG,HD LED,32,29900,29900,Tizen,3.8,0.0,Orta Segment
TCL ,HD LED,32,14339,22990,Android,4.3,37.63,Ekonomik
LG ,Ultra HD LED,48,89999,169990,WebOS,2.7,47.06,Premium
TCL ,Ultra HD LED,65,146999,299990,Android,4.21,51.0,Ultra Premium
LG ,Ultra HD LED,43,54990,54990,WebOS,4.4,0.0,Premium
LG ,Ultra HD LED,55,64999,93990,WebOS,4.3,30.84,Premium
LG ,HD LED,32,28401,30990,WebOS,4.4,8.35,Orta Segment
Sansui ,Full HD LED,43,27490,33990,Android,4.1,19.12,Orta Segment
LG ,Ultra HD LED,43,43599,59990,WebOS,4.3,27.32,Orta Segment
SAMSUNG,Ultra HD LED,55,59990,88900,Tizen,4.28,32.52,Premium
LG ,Ultra HD LED,55,76197,129990,WebOS,4.8,41.38,Premium
realme ,Full HD LED,32,17999,23999,Android,4.2,25.0,Ekonomik
Micromax,Full HD LED,43,22999,26990,Android,3.9,14.79,Orta Segment
SAMSUNG,QLED Ultra HD,55,159500,244900,Tizen,4.4,34.87,Ultra Premium
Micromax,Full HD LED,43,23990,33000,Android,4.3,27.3,Orta Segment
LG ,Ultra HD LED,43,47499,75343,WebOS,4.5,36.96,Orta Segment
LG ,Ultra HD LED,43,46969,64990,WebOS,4.3,27.73,Orta Segment
TCL ,Full HD LED,75,144790,259990,Android,4.3,44.31,Ultra Premium
LG ,HD LED,32,22200,25999,WebOS,4.3,14.61,Orta Segment
Candes ,HD LED,24,9999,17990,Android,4.1,44.42,Ekonomik
SAMSUNG,Ultra HD LED,50,55790,69900,Tizen,4.28,20.19,Premium
SAMSUNG,QLED Ultra HD,55,89390,134900,Tizen,4.28,33.74,Premium
LG ,Ultra HD LED,43,46590,59990,WebOS,4.5,22.34,Orta Segment
LG ,Full HD LED,55,103990,103990,WebOS,4.2,0.0,Ultra Premium
SAMSUNG,Ultra HD LED,65,85990,116900,Tizen,4.3,26.44,Premium
SAMSUNG,QLED Ultra HD,65,318700,399900,Tizen,4.28,20.31,Ultra Premium
SAMSUNG,Ultra HD LED,43,44870,54900,Tizen,4.28,18.27,Orta Segment
SAMSUNG,Ultra HD LED,43,38999,48900,Tizen,4.3,20.25,Orta Segment
Mi ,HD LED,32,14999,14999,Android,4.4,0.0,Ekonomik
LG ,Ultra HD LED,55,57200,84990,WebOS,4.3,32.7,Premium
LG ,Ultra HD LED,65,139999,254990,WebOS,4.3,45.1,Ultra Premium
Dyanora,Full HD LED,42,18499,32999,Android,3.67,43.94,Ekonomik
SONY ,Ultra HD LED,65,169900,239900,Linux,4.51,29.18,Ultra Premium
iFFALCON by TCL,QLED Ultra HD,65,84999,229990,Android,4.3,63.04,Premium
SONY ,Ultra HD LED,55,102290,139900,Android,4.51,26.88,Ultra Premium
Dyanora,HD LED,32,10999,15999,Android,4.3,31.25,Ekonomik
LG ,Ultra HD LED,65,199999,349990,WebOS,4.4,42.86,Ultra Premium
LG ,Ultra HD LED,55,99999,166990,WebOS,4.3,40.12,Premium
LG ,Ultra HD LED,55,155879,226990,WebOS,4.3,31.33,Ultra Premium
LG ,Ultra HD LED,65,279990,399990,WebOS,4.3,30.0,Ultra Premium
SAMSUNG,Ultra HD LED,55,64299,86900,Tizen,4.6,26.01,Premium
SONY ,Ultra HD LED,75,199491,299900,Linux,4.7,33.48,Ultra Premium
SAMSUNG,QLED Ultra HD,65,224999,279900,Tizen,5.0,19.61,Ultra Premium
SAMSUNG,Ultra HD LED,55,104900,104900,Tizen,4.4,0.0,Ultra Premium
Hisense,HD LED,32,18490,24990,Android,4.37,26.01,Ekonomik
LG ,Full HD LED,43,36499,41990,WebOS,4.4,13.08,Orta Segment
SAMSUNG,QLED Ultra HD,55,144990,199990,Tizen,4.28,27.5,Ultra Premium
LG ,Ultra HD LED,55,128100,209990,WebOS,4.3,39.0,Ultra Premium
TCL ,Ultra HD LED,55,55499,89900,Android,4.3,38.27,Premium
Micromax,Ultra HD LED,49,42490,59990,Android,4.2,29.17,Orta Segment
LG ,Ultra HD LED,55,63990,91990,WebOS,4.7,30.44,Premium
SAMSUNG,QLED Ultra HD,55,163738,211900,Tizen,4.28,22.73,Ultra Premium
Blaupunkt,Ultra HD LED,65,55999,75999,Android,4.24,26.32,Premium
iFFALCON by TCL,Ultra HD LED,55,36999,59990,Android,4.3,38.32,Orta Segment
SONY ,Ultra HD LED,65,113999,179900,Android,4.4,36.63,Ultra Premium
Haier ,Full HD LED,42,28240,43990,Android,5.0,35.8,Orta Segment
SAMSUNG,Ultra HD LED,65,295900,295900,Tizen,4.28,0.0,Ultra Premium
SONY ,Ultra HD LED,65,469999,529900,Android,5.0,11.3,Ultra Premium
Panasonic,Ultra HD LED,55,62738,82990,Linux,4.18,24.4,Premium
SONY ,Ultra HD LED,75,259999,499900,Android,3.7,47.99,Ultra Premium
LG ,Ultra HD LED,65,249999,409990,WebOS,4.8,39.02,Ultra Premium
TOSHIBA,Ultra HD LED,50,33999,46990,VIDAA,4.3,27.65,Orta Segment
LG ,Full HD LED,49,77990,77990,WebOS,4.8,0.0,Premium
TOSHIBA,HD LED,32,17499,18990,VIDAA,4.3,7.85,Ekonomik
iFFALCON by TCL,Ultra HD LED,75,149999,239999,Android,4.2,37.5,Ultra Premium
Panasonic,Full HD LED,32,22990,24990,Android,4.2,8.0,Orta Segment
LG ,Ultra HD LED,65,93999,129990,WebOS,4.5,27.69,Premium
SAMSUNG,Ultra HD LED,50,53200,64990,Tizen,4.28,18.14,Premium
T-Series,HD LED,32,12499,14990,Linux,3.7,16.62,Ekonomik
SAMSUNG,QLED Ultra HD,65,148990,259900,Tizen,4.28,42.67,Ultra Premium
SAMSUNG,Ultra HD LED,43,49990,62900,Tizen,4.28,20.52,Orta Segment
Onida,Full HD LED,40,17999,29990,Android,4.1,39.98,Ekonomik
LG ,Ultra HD LED,65,262999,364990,WebOS,4.3,27.94,Ultra Premium
LG ,Ultra HD LED,55,149999,229990,WebOS,4.3,34.78,Ultra Premium
LG ,Ultra HD LED,65,224999,379990,WebOS,5.0,40.79,Ultra Premium
Haier ,Ultra HD LED,43,34999,43990,Android,4.1,20.44,Orta Segment
SONY ,HD LED,32,26374,29800,Android,4.4,11.5,Orta Segment
SONY ,Full HD LED,50,60291,64900,Linux,4.5,7.1,Premium
Sansui ,Ultra HD LED,55,119990,119990,Android,4.3,0.0,Ultra Premium
TCL ,Ultra HD LED,55,47499,79990,Android,3.9,40.62,Orta Segment
Vu,Ultra HD LED,55,41999,58000,Android,4.4,27.59,Orta Segment
RGL ,HD LED,24,9990,12990,HomeOS,4.0,23.09,Ekonomik
SAMSUNG,Ultra HD LED,65,294900,294900,Tizen,4.7,0.0,Ultra Premium
LG ,Ultra HD LED,70,94990,169990,WebOS,4.3,44.12,Premium
Mi ,HD LED,32,15999,15999,Android,4.4,0.0,Ekonomik
KODAK ,HD LED,32,11499,20990,Android,4.3,45.22,Ekonomik
SAMSUNG,Full HD LED,43,38990,56945,Tizen,4.28,31.53,Orta Segment
SONY ,Ultra HD LED,65,259999,449900,Android,4.3,42.21,Ultra Premium
SAMSUNG,Ultra HD LED,65,159500,234900,Tizen,4.6,32.1,Ultra Premium
LG ,Ultra HD LED,65,164999,264990,WebOS,4.7,37.73,Ultra Premium
SONY ,Ultra HD LED,65,149999,244900,Android,4.7,38.75,Ultra Premium
SAMSUNG,QLED Ultra HD,49,74990,129900,Tizen,4.7,42.27,Premium
PHILIPS,Full HD LED,43,28999,35990,Linux,4.1,19.42,Orta Segment
Onida,Ultra HD LED,58,53199,79990,Android,4.2,33.49,Premium
SAMSUNG,Ultra HD LED,75,169990,254900,Tizen,4.28,33.31,Ultra Premium
SAMSUNG,QLED Ultra HD,55,84999,133900,Tizen,4.6,36.52,Premium
LG ,Ultra HD LED,55,124999,177990,WebOS,4.4,29.77,Ultra Premium
LG ,Ultra HD LED,75,385099,549990,WebOS,4.3,29.98,Ultra Premium
Candes ,HD LED,32,11299,22690,Android,3.9,50.2,Ekonomik
SAMSUNG,Ultra HD LED,49,179900,179900,Tizen,4.3,0.0,Ultra Premium
SAMSUNG,Full HD LED,43,62900,62900,Tizen,3.9,0.0,Premium
SONY ,Ultra HD LED,55,80799,94900,Linux,4.6,14.86,Premium
SONY ,Ultra HD LED,49,64599,76900,Android,4.6,16.0,Premium
Dyanora,HD LED,32,12499,18999,Android,3.67,34.21,Ekonomik
MOTOROLA,Ultra HD LED,43,30999,46050,Android,4.3,32.68,Orta Segment
SAMSUNG,QLED Ultra HD,65,470900,470900,Tizen,4.28,0.0,Ultra Premium
SONY ,Ultra HD LED,55,129990,155990,Linux,4.51,16.67,Ultra Premium
SAMSUNG,Ultra HD LED,55,61890,79400,Tizen,4.28,22.05,Premium
SAMSUNG,QLED Ultra HD,65,199990,284990,Tizen,4.28,29.83,Ultra Premium
SAMSUNG,Ultra HD LED,55,204900,204900,Tizen,3.0,0.0,Ultra Premium
TCL ,Full HD LED,40,26990,39990,Android,4.2,32.51,Orta Segment
LG ,Ultra HD LED,55,64990,102990,WebOS,4.3,36.9,Premium
SAMSUNG,QLED Ultra HD,55,314900,314900,Tizen,4.28,0.0,Ultra Premium
Sansui ,Ultra HD LED,55,69200,69200,Android,3.7,0.0,Premium
Lloyd ,Ultra HD LED,65,74999,153990,Linux,4.8,51.3,Premium
SONY ,Ultra HD LED,55,109999,164900,Android,3.6,33.29,Ultra Premium
Thomson,HD LED,32,16999,16999,Android,4.1,0.0,Ekonomik
LG ,Ultra HD LED,55,61999,94990,WebOS,4.3,34.73,Premium
PHILIPS,HD LED,32,18999,20990,Android,4.1,9.49,Ekonomik
SAMSUNG,Ultra HD LED,49,64499,99900,Tizen,4.5,35.44,Premium
LG ,Ultra HD LED,55,81999,149990,WebOS,4.8,45.33,Premium
Panasonic,HD LED,32,28399,28400,Android,4.2,0.0,Orta Segment
LG ,Ultra HD LED,65,199999,349990,WebOS,4.3,42.86,Ultra Premium
SAMSUNG,Ultra HD LED,65,89990,124990,Tizen,4.28,28.0,Premium
LumX ,Full HD LED,43,21990,46900,Android,4.0,53.11,Orta Segment
SAMSUNG,QLED Ultra HD,43,59700,82400,Tizen,4.28,27.55,Premium
LG ,Ultra HD LED,65,269999,339990,WebOS,4.3,20.59,Ultra Premium
SAMSUNG,Ultra HD LED,75,239999,394900,Tizen,4.28,39.23,Ultra Premium
SAMSUNG,Ultra HD LED,55,241900,241900,Tizen,3.9,0.0,Ultra Premium
SAMSUNG,Ultra HD LED,65,122299,209900,Tizen,4.7,41.73,Ultra Premium
SONY ,Ultra HD LED,55,164999,329900,Android,4.7,49.99,Ultra Premium
LG ,Full HD LED,49,74990,74990,WebOS,4.5,0.0,Premium
SONY ,Ultra HD LED,65,179999,224900,Android,4.9,19.96,Ultra Premium
SAMSUNG,QLED Ultra HD,65,258999,419900,Tizen,4.28,38.32,Ultra Premium
SONY ,Ultra HD LED,65,112100,179990,Android,4.7,37.72,Ultra Premium
SONY ,HD LED,32,26990,29900,Linux,4.4,9.73,Orta Segment
Sansui ,HD LED,32,21499,22990,Android,4.14,6.49,Orta Segment
LG ,Full HD LED,43,38899,45900,WebOS,3.7,15.25,Orta Segment
SAMSUNG,Ultra HD LED,55,62980,80000,Tizen,4.28,21.28,Premium
LG ,Ultra HD LED,65,89978,149990,WebOS,4.3,40.01,Premium
Panasonic,Ultra HD LED,55,50499,65490,Linux,4.18,22.89,Premium
TCL ,Ultra HD LED,65,86091,109990,Android,4.3,21.73,Premium
SAMSUNG,Full HD LED,55,118900,118900,Tizen,4.0,0.0,Ultra Premium
SONY ,Ultra HD LED,50,81990,99900,Android,4.7,17.93,Premium
SAMSUNG,Ultra HD LED,49,129900,129900,Tizen,4.4,0.0,Ultra Premium
LG ,Full HD LED,49,64900,64900,WebOS,4.2,0.0,Premium
Croma ,Ultra HD LED,55,50990,75000,FireTV OS,4.28,32.01,Premium
SAMSUNG,HD LED,32,18490,22500,Tizen,4.0,17.82,Ekonomik
LG ,Ultra HD LED,55,114999,189990,WebOS,2.7,39.47,Ultra Premium
Candes ,Full HD LED,40,15999,29990,Android,4.1,46.65,Ekonomik
SAMSUNG,Ultra HD LED,65,89990,115990,Tizen,4.28,22.42,Premium
PHILIPS,Ultra HD LED,50,37999,105990,Android,4.2,64.15,Orta Segment
iFFALCON by TCL,Ultra HD LED,55,43999,73990,Android,4.4,40.53,Orta Segment
SAMSUNG,Ultra HD LED,50,125900,125900,Tizen,4.3,0.0,Ultra Premium
Micromax,HD LED,32,15990,22990,Android,4.2,30.45,Ekonomik
LG ,Ultra HD LED,49,80990,80990,WebOS,4.5,0.0,Premium
LG ,Ultra HD LED,65,149999,219990,WebOS,5.0,31.82,Ultra Premium
LG ,Full HD LED,49,67990,67990,WebOS,4.5,0.0,Premium
SAMSUNG,Ultra HD LED,50,51990,67069,Tizen,4.0,22.48,Premium
SAMSUNG,QLED Ultra HD,55,274900,274900,Tizen,5.0,0.0,Ultra Premium
LG ,Ultra HD LED,55,324990,324990,WebOS,4.6,0.0,Ultra Premium
Onix ,Ultra HD LED,50,49990,59990,Android,4.3,16.67,Orta Segment
SAMSUNG,QLED Ultra HD,50,69990,99990,Tizen,4.0,30.0,Premium
SAMSUNG,Full HD LED,43,45785,45900,Tizen,4.28,0.25,Orta Segment
SAMSUNG,QLED Ultra HD,55,121999,143900,Tizen,4.3,15.22,Ultra Premium
Croma ,HD LED,32,14990,25000,FireTV OS,4.28,40.04,Ekonomik
Acer,HD LED,32,14999,22990,Android,3.9,34.76,Ekonomik
SAMSUNG,Full HD LED,48,49990,77900,Tizen,3.7,35.83,Orta Segment
SAMSUNG,Ultra HD LED,75,159990,266900,Tizen,4.28,40.06,Ultra Premium
iFFALCON by TCL,QLED Ultra HD,65,156990,156990,Android,4.29,0.0,Ultra Premium
SAMSUNG,Ultra HD LED,43,44990,78000,Tizen,4.28,42.32,Orta Segment
SAMSUNG,QLED Ultra HD,65,162900,209900,Tizen,4.28,22.39,Ultra Premium
SAMSUNG,Ultra HD LED,55,145900,145900,Tizen,4.8,0.0,Ultra Premium
LG ,Ultra HD LED,65,109999,209990,WebOS,5.0,47.62,Ultra Premium
Dyanora,Ultra HD LED,50,27599,40999,Android,3.67,32.68,Orta Segment
IMPEX ,HD LED,32,28690,28690,HomeOS,4.15,0.0,Orta Segment
SAMSUNG,Ultra HD LED,43,89850,89850,Tizen,4.1,0.0,Premium
LG ,Ultra HD LED,65,349999,499990,WebOS,4.3,30.0,Ultra Premium
SAMSUNG,QLED Ultra HD,55,139990,209900,Tizen,4.28,33.31,Ultra Premium
SONY ,Ultra HD LED,65,142499,199900,Android,4.51,28.71,Ultra Premium
SAMSUNG,Ultra HD LED,65,167199,269900,Tizen,4.28,38.05,Ultra Premium
IMPEX ,HD LED,39,29079,39990,HomeOS,4.2,27.28,Orta Segment
LG ,Ultra HD LED,49,120989,120990,WebOS,4.4,0.0,Ultra Premium
Croma ,Full HD LED,43,31990,40000,Android,4.28,20.03,Orta Segment
SONY ,Ultra HD LED,43,63990,72900,Linux,4.4,12.22,Premium
SAMSUNG,QLED Ultra HD,55,105990,162900,Tizen,4.28,34.94,Ultra Premium
IMPEX ,HD LED,40,28399,45990,HomeOS,4.15,38.25,Orta Segment
Vu,QLED Ultra HD,85,259999,350000,Android,4.4,25.71,Ultra Premium
SAMSUNG,Ultra HD LED,55,154900,154900,Tizen,5.0,0.0,Ultra Premium
SONY ,Ultra HD LED,50,72715,92900,Android,4.51,21.73,Premium
SAMSUNG,Full HD LED,49,65999,82500,Tizen,4.3,20.0,Premium
SAMSUNG,QLED Ultra HD,65,144900,229990,Tizen,4.28,37.0,Ultra Premium
LG ,Ultra HD LED,65,229000,359990,WebOS,4.3,36.39,Ultra Premium
TCL ,HD LED,32,15000,29990,Android,4.2,49.98,Ekonomik
Sansui ,Ultra HD LED,43,29490,32290,Android,4.1,8.67,Orta Segment
SAMSUNG,QLED Ultra HD,65,122290,222900,Tizen,4.5,45.14,Ultra Premium
SAMSUNG,Ultra HD LED,55,284900,284900,Tizen,3.6,0.0,Ultra Premium
SAMSUNG,Ultra HD LED,65,103990,135900,Tizen,4.28,23.48,Ultra Premium
LG ,Ultra HD LED,55,97990,139989,WebOS,4.3,30.0,Premium
SAMSUNG,HD LED,24,15200,15200,Tizen,4.2,0.0,Ekonomik
Vu,Ultra HD LED,55,46899,75000,Android,4.4,37.47,Orta Segment
Hisense,HD LED,32,17499,17990,Android,4.2,2.73,Ekonomik
Onida,HD LED,39,23990,31990,Android,3.9,25.01,Orta Segment
SAMSUNG,Full HD LED,49,45700,66900,Tizen,4.2,31.69,Orta Segment
SAMSUNG,Ultra HD LED,49,146900,146900,Tizen,4.5,0.0,Ultra Premium
LG ,Full HD LED,49,40000,65900,Linux,4.2,39.3,Orta Segment
BPL ,Ultra HD LED,55,50490,73000,Android,3.7,30.84,Premium
Dyanora,HD LED,24,7999,10999,Android,4.3,27.28,Ekonomik
SAMSUNG,HD LED,32,19599,25900,Tizen,4.3,24.33,Ekonomik
SAMSUNG,QLED Ultra HD,65,219990,257900,Tizen,4.28,14.7,Ultra Premium
SAMSUNG,QLED Ultra HD,55,89990,163900,Tizen,4.7,45.09,Premium
Croma ,Ultra HD LED,43,35990,50000,FireTV OS,5.0,28.02,Orta Segment
CloudWalker,Ultra HD LED,65,59999,94990,Android,4.0,36.84,Premium
TCL ,QLED Ultra HD,55,47990,99990,Android,4.21,52.01,Orta Segment
MarQ by Flipkart,Ultra HD LED,65,64999,94499,Android,4.4,31.22,Premium
LG ,Ultra HD LED,75,189999,284990,WebOS,3.0,33.33,Ultra Premium
Panasonic,Ultra HD LED,65,86890,93500,Linux,4.18,7.07,Premium
SAMSUNG,QLED Ultra HD,50,69744,99900,Tizen,4.28,30.19,Premium
Nokia ,Ultra HD LED,65,57999,79999,Android,4.3,27.5,Premium
Thomson,HD LED,32,13499,15499,Android,4.4,12.9,Ekonomik
SAMSUNG,Full HD LED,43,36990,38900,Tizen,4.1,4.91,Orta Segment
Thomson,Full HD LED,43,20499,25999,Android,4.4,21.15,Orta Segment
Blaupunkt,HD LED,32,12999,19499,Android,4.4,33.34,Ekonomik
Lloyd ,HD LED,32,20990,25900,Linux,4.8,18.96,Orta Segment
Oxygen ,Ultra HD LED,50,35990,52990,Android,4.24,32.08,Orta Segment
Panasonic,Ultra HD LED,65,90314,119990,Linux,4.18,24.73,Premium
Croma ,HD LED,32,20990,30000,Android,3.7,30.03,Orta Segment
Croma ,Full HD LED,43,30990,40000,FireTV OS,4.28,22.52,Orta Segment
Micromax,HD LED,32,23989,23990,Android,4.2,0.0,Orta Segment
SAMSUNG,HD LED,32,23000,25900,Tizen,4.4,11.2,Orta Segment
Power Guard,HD LED,32,15499,24990,Android,4.24,37.98,Ekonomik
Akai ,Ultra HD LED,65,72940,124990,Android,4.24,41.64,Premium
VG ,Ultra HD LED,43,24990,51000,Android,4.24,51.0,Orta Segment
Croma ,HD LED,32,19490,25000,FireTV OS,4.28,22.04,Ekonomik
Infinix,Full HD LED,40,18999,26990,Android,4.2,29.61,Ekonomik
Adsun,HD LED,24,6799,10999,Android,3.8,38.19,Ekonomik
TCL ,Ultra HD LED,65,68990,127445,Android,4.5,45.87,Premium
KODAK ,Full HD LED,43,22499,24999,Android,4.4,10.0,Orta Segment
MOTOROLA,Full HD LED,43,27999,35500,Android,4.3,21.13,Orta Segment
Onix ,Full HD LED,43,29990,38790,Android,4.9,22.69,Orta Segment
Sun King,HD LED,32,24999,49998,Android,4.24,50.0,Orta Segment
LG ,Ultra HD LED,48,105990,110690,WebOS,4.3,4.25,Ultra Premium
LG ,Ultra HD LED,65,174999,209990,WebOS,4.3,16.66,Ultra Premium
TCL ,HD LED,32,15499,22990,Android,4.2,32.58,Ekonomik
Onix ,Full HD LED,43,39000,46990,Android,4.3,17.0,Orta Segment
TCL ,Ultra HD LED,55,104999,239990,Android,4.21,56.25,Ultra Premium
SAMSUNG,Ultra HD LED,55,149900,149900,Tizen,4.28,0.0,Ultra Premium
Haier ,Full HD LED,43,30490,38990,Android,4.3,21.8,Orta Segment
VG ,HD LED,39,18990,26000,Android,4.24,26.96,Ekonomik
SAMSUNG,Ultra HD LED,49,129900,129900,Tizen,3.4,0.0,Ultra Premium
LG ,Full HD LED,49,77900,77900,WebOS,4.1,0.0,Premium
SAMSUNG,Ultra HD LED,49,136500,136500,Tizen,4.4,0.0,Ultra Premium
KODAK ,HD LED,32,11499,15999,Android,4.1,28.13,Ekonomik
Onix ,HD LED,32,15990,16990,Android,4.3,5.89,Ekonomik
LG ,Ultra HD LED,48,103990,199990,WebOS,4.3,48.0,Ultra Premium
SAMSUNG,QLED Ultra HD,49,84990,110900,Tizen,4.28,23.36,Premium
Sansui ,Ultra HD LED,43,34999,34999,Android,4.3,0.0,Orta Segment
Panasonic,HD LED,32,21078,25490,Android,4.18,17.31,Orta Segment
Sansui ,HD LED,32,16990,20990,Linux,4.1,19.06,Ekonomik
SAMSUNG,Full HD LED,43,48900,48900,Tizen,4.2,0.0,Orta Segment
SAMSUNG,Ultra HD LED,65,94990,145900,Tizen,2.8,34.89,Premium
Compaq ,QLED Ultra HD,65,99999,229990,Android,4.4,56.52,Premium
Panasonic,Ultra HD LED,65,103353,129990,Linux,4.18,20.49,Ultra Premium
HUIDI ,HD LED,32,10999,18599,Android,4.0,40.86,Ekonomik
IMPEX ,HD LED,32,29790,29790,HomeOS,4.15,0.0,Orta Segment
HUIDI ,HD LED,24,7499,10999,Android,4.0,31.82,Ekonomik
LG ,HD LED,32,18450,19990,Linux,4.2,7.7,Ekonomik
Adsun,HD LED,32,9799,21999,Android,3.8,55.46,Ekonomik
Micromax,HD LED,32,13999,24990,Android,3.7,43.98,Ekonomik
Croma ,HD LED,32,15990,20000,Android,4.28,20.05,Ekonomik
Sansui ,HD LED,32,15290,20990,Linux,4.14,27.16,Ekonomik
TCL ,QLED Ultra HD,65,89999,189990,Android,4.4,52.63,Premium
HUIDI ,HD LED,40,16999,27999,Android,4.0,39.29,Ekonomik
Coocaa ,HD LED,32,12499,25990,Android,4.2,51.91,Ekonomik
TCL ,QLED Ultra HD,55,59999,189990,Android,3.9,68.42,Premium
Sansui ,Full HD LED,40,24990,29290,Linux,3.7,14.68,Orta Segment
Intex ,HD LED,39,19800,33330,Android,4.2,40.59,Ekonomik
SAMSUNG,QLED Ultra HD,49,64990,101900,Tizen,4.8,36.22,Premium
SAMSUNG,QLED Ultra HD,55,105990,189990,Tizen,4.28,44.21,Ultra Premium
LumX ,HD LED,32,11990,26900,Android,3.7,55.43,Ekonomik
Candes ,Full HD LED,43,20999,38490,Android,4.1,45.44,Orta Segment
Haier ,Ultra HD LED,65,69590,106990,Android,4.37,34.96,Premium
Haier ,Ultra HD LED,65,99999,149990,Android,4.37,33.33,Premium
Lloyd ,Full HD LED,39,22990,32990,Linux,4.1,30.31,Orta Segment
SAMSUNG,HD LED,32,17999,23890,Tizen,4.2,24.66,Ekonomik
DETEL ,Ultra HD LED,55,35199,89000,Android,4.0,60.45,Orta Segment
BPL ,Ultra HD LED,50,42490,60000,Android,3.7,29.18,Orta Segment
LG ,Ultra HD LED,49,59999,110990,WebOS,4.3,45.94,Premium
LG ,Ultra HD LED,65,99990,169990,WebOS,4.5,41.18,Premium
Haier ,HD LED,32,18590,31090,Android,4.37,40.21,Ekonomik
JVC,Ultra HD LED,55,37999,59999,Android,4.1,36.67,Orta Segment
Panasonic,Ultra HD LED,43,35999,84900,Linux,4.4,57.6,Orta Segment
Haier ,HD LED,32,18290,22990,Android,4.0,20.44,Ekonomik
T-Series,HD LED,40,19999,28990,Android,3.8,31.01,Ekonomik
T-Series,HD LED,32,15990,16990,Linux,3.8,5.89,Ekonomik
Lloyd ,HD LED,32,18689,26957,Linux,4.05,30.67,Ekonomik
Lloyd ,Full HD LED,43,34990,48990,Linux,4.05,28.58,Orta Segment
BPL ,HD LED,32,16499,27000,Android,3.7,38.89,Ekonomik
LG ,Ultra HD LED,49,58999,90990,WebOS,4.3,35.16,Premium
BPL ,HD LED,43,28990,35999,Android,3.7,19.47,Orta Segment
SAMSUNG,HD LED,32,26900,26900,Tizen,4.0,0.0,Orta Segment
SONY ,Ultra HD LED,65,191492,364900,Android,3.8,47.52,Ultra Premium
Lloyd ,Ultra HD LED,50,44999,84990,Linux,4.3,47.05,Orta Segment
LG ,Ultra HD LED,65,189999,299990,WebOS,2.7,36.66,Ultra Premium
Candes ,HD LED,24,8699,15990,Android,3.9,45.6,Ekonomik
SAMSUNG,Ultra HD LED,50,52890,70900,Tizen,4.0,25.4,Premium
IMPEX ,Full HD LED,43,27039,32039,HomeOS,4.0,15.61,Orta Segment
Haier ,Full HD LED,50,42999,59990,Android,4.37,28.32,Orta Segment
LG ,Ultra HD LED,43,79990,79990,WebOS,4.4,0.0,Premium
LG ,Ultra HD LED,65,84990,129990,WebOS,4.3,34.62,Premium
SAMSUNG,Ultra HD LED,55,229900,229900,Tizen,4.28,0.0,Ultra Premium
Lloyd ,HD LED,31,16485,22990,Linux,4.3,28.29,Ekonomik
TOSHIBA,Ultra HD LED,65,63999,119999,VIDAA,4.35,46.67,Premium
LG ,Ultra HD LED,55,62490,79990,WebOS,4.0,21.88,Premium
SAMSUNG,Ultra HD LED,55,67990,86900,Tizen,3.9,21.76,Premium
Power Guard,Ultra HD LED,55,41999,58990,Android,4.24,28.8,Orta Segment
LG ,Full HD LED,43,39290,49990,WebOS,4.2,21.4,Orta Segment
T-Series,Full HD LED,43,26999,33990,Android,3.8,20.57,Orta Segment
Akai ,Ultra HD LED,55,46345,59990,Android,4.24,22.75,Orta Segment
Power Guard,HD LED,32,13300,19990,Android,4.24,33.47,Ekonomik
Power Guard,Ultra HD LED,49,34900,54990,Android,4.24,36.53,Orta Segment
KODAK ,Ultra HD LED,49,47990,50999,Android,4.1,5.9,Orta Segment
Power Guard,QLED Ultra HD,50,51990,59990,Android,4.24,13.34,Premium
JVC,Ultra HD LED,43,26990,52000,Android,4.3,48.1,Orta Segment
Dyanora,HD LED,40,15499,23999,Android,2.4,35.42,Ekonomik
SAMSUNG,Full HD LED,49,92500,92500,Tizen,4.1,0.0,Premium
Power Guard,QLED Ultra HD,55,69990,74990,Android,4.24,6.67,Premium
JVC,Ultra HD LED,55,45000,69000,Android,3.9,34.78,Orta Segment
Power Guard,Ultra HD LED,65,55990,89990,Android,4.24,37.78,Premium
Hisense,QLED Ultra HD,75,499990,499990,Android,4.37,0.0,Ultra Premium
SONY ,Ultra HD LED,43,40999,61900,Android,4.6,33.77,Orta Segment
SAMSUNG,Full HD LED,43,31990,38900,Tizen,4.4,17.76,Orta Segment
SAMSUNG,Full HD LED,43,36890,45900,Tizen,4.7,19.63,Orta Segment
SAMSUNG,Full HD LED,43,39999,49900,Tizen,4.3,19.84,Orta Segment
iFFALCON by TCL,Ultra HD LED,65,53499,156990,Android,4.3,65.92,Premium
Mi ,Ultra HD LED,55,47999,54999,Android,4.4,12.73,Orta Segment
SAMSUNG,Ultra HD LED,55,51999,72900,Tizen,4.5,28.67,Premium
MOTOROLA,Ultra HD LED,50,34999,54050,Android,4.3,35.25,Orta Segment
TCL ,Ultra HD LED,55,38356,89990,Android,4.21,57.38,Orta Segment
TCL ,Ultra HD LED,43,29999,55990,Linux,4.1,46.42,Orta Segment
KODAK ,Full HD LED,40,15499,31990,Android,4.3,51.55,Ekonomik
SAMSUNG,Full HD LED,43,34999,58900,Tizen,4.5,40.58,Orta Segment
Micromax,HD LED,32,12990,25075,Android,4.0,48.2,Ekonomik
SONY ,Ultra HD LED,49,49999,104900,Android,4.5,52.34,Orta Segment
LG ,Ultra HD LED,43,36990,52990,WebOS,4.4,30.19,Orta Segment
SONY ,HD LED,32,14023,25900,Android,4.4,45.86,Ekonomik
Thomson,Ultra HD LED,65,47999,79999,Android,4.4,40.0,Orta Segment
Thomson,Full HD LED,43,17999,26999,Android,4.2,33.33,Ekonomik
SAMSUNG,Ultra HD LED,43,43751,77900,Tizen,4.4,43.84,Orta Segment
TCL ,Ultra HD LED,55,37319,51990,Linux,4.3,28.22,Orta Segment
LG ,Ultra HD LED,75,149990,269900,WebOS,4.3,44.43,Ultra Premium
TOSHIBA,Ultra HD LED,55,40599,50999,VIDAA,4.3,20.39,Orta Segment
SAMSUNG,Ultra HD LED,43,36999,66900,Tizen,4.5,44.7,Orta Segment
PHILIPS,Ultra HD LED,65,78999,199990,Android,4.6,60.5,Premium
Vu,Ultra HD LED,55,29950,49990,Linux,4.4,40.09,Orta Segment
Micromax,Ultra HD LED,55,49999,69990,Android,4.2,28.56,Orta Segment
LG ,Ultra HD LED,43,37890,49990,WebOS,4.5,24.2,Orta Segment
SONY ,Ultra HD LED,49,60999,84900,Linux,4.5,28.15,Premium
LG ,Ultra HD LED,55,84999,166990,WebOS,4.5,49.1,Premium
SAMSUNG,Full HD LED,43,36514,46900,Tizen,4.5,22.14,Orta Segment
G-TEN ,HD LED,40,15990,35890,Android,3.7,55.45,Ekonomik
LG ,Ultra HD LED,49,47249,73990,WebOS,4.3,36.14,Orta Segment
TCL ,Ultra HD LED,43,27889,52990,Android,4.4,47.37,Orta Segment
SAMSUNG,HD LED,32,11999,21900,Tizen,4.4,45.21,Ekonomik
LG ,Ultra HD LED,65,102890,172990,WebOS,5.0,40.52,Ultra Premium
IMPEX ,HD LED,39,19039,26350,HomeOS,4.15,27.75,Ekonomik
LG ,HD LED,28,13945,17990,Linux,4.4,22.48,Ekonomik
SONY ,Full HD LED,40,31999,37990,Android,4.3,15.77,Orta Segment
iFFALCON by TCL,Ultra HD LED,55,31999,70990,Android,4.4,54.92,Orta Segment
SONY ,HD LED,32,20738,22990,Android,5.0,9.8,Orta Segment
TCL ,HD LED,32,15499,25990,Linux,4.1,40.37,Ekonomik
Compaq ,QLED Ultra HD,55,59999,99999,Android,4.4,40.0,Premium
SAMSUNG,Full HD LED,43,36999,58900,Tizen,4.3,37.18,Orta Segment
PHILIPS,Full HD LED,43,24999,55990,Linux,4.0,55.35,Orta Segment
Haier ,Full HD LED,40,25590,36990,Android,4.7,30.82,Orta Segment
SAMSUNG,Ultra HD LED,43,36106,69900,Tizen,4.3,48.35,Orta Segment
SAMSUNG,Full HD LED,43,24726,45900,Tizen,3.8,46.13,Orta Segment
TCL ,Ultra HD LED,43,25999,48990,Linux,4.1,46.93,Orta Segment
Vu,Ultra HD LED,75,84999,130000,Linux,4.1,34.62,Premium
Skyworth,HD LED,24,8659,12490,Android,3.0,30.67,Ekonomik
Maser ,HD LED,24,7499,7999,Android,3.8,6.25,Ekonomik
IMPEX ,Full HD LED,43,36379,52990,HomeOS,4.0,31.35,Orta Segment
SAMSUNG,HD LED,32,15210,27900,Tizen,4.3,45.48,Ekonomik
TCL ,HD LED,24,7499,11990,HomeOS,4.0,37.46,Ekonomik
PHILIPS,Full HD LED,42,42000,42000,Android,3.8,0.0,Orta Segment
Micromax,HD LED,32,14999,27990,Android,4.1,46.41,Ekonomik
Sanyo ,Ultra HD LED,55,50999,76990,Linux,4.5,33.76,Premium
SONY ,Ultra HD LED,55,134993,299900,Linux,4.51,54.99,Ultra Premium
SONY ,HD LED,32,22999,27990,Linux,4.4,17.83,Orta Segment
Micromax,HD LED,20,6498,10590,Android,4.2,38.64,Ekonomik
SONY ,Ultra HD LED,55,82493,129900,Android,4.8,36.49,Premium
LG ,HD LED,32,28311,30900,WebOS,3.7,8.38,Orta Segment
Vu,HD LED,32,13999,19000,Android,4.3,26.32,Ekonomik
SONY ,Ultra HD LED,49,66104,129900,Android,4.4,49.11,Premium
SAMSUNG,Ultra HD LED,43,35999,52900,Tizen,4.5,31.95,Orta Segment
Panasonic,Full HD LED,43,36999,49900,Android,4.4,25.85,Orta Segment
LG ,Ultra HD LED,50,44990,66990,WebOS,4.4,32.84,Orta Segment
LG ,HD LED,24,14771,15900,Linux,4.4,7.1,Ekonomik
Micromax,HD LED,32,10499,19990,Android,4.3,47.48,Ekonomik
SAMSUNG,HD LED,32,17499,20900,Tizen,4.3,16.27,Ekonomik
Vu,Full HD LED,40,16999,32175,Android,4.4,47.17,Ekonomik
SAMSUNG,Full HD LED,40,19929,43476,Tizen,4.3,54.16,Ekonomik
TCL ,QLED Ultra HD,75,149990,399990,Android,3.9,62.5,Ultra Premium
iFFALCON by TCL,Ultra HD LED,43,29999,76990,Android,4.3,61.04,Orta Segment
Panasonic,Full HD LED,49,42999,72900,Linux,4.2,41.02,Orta Segment
Vu,Full HD LED,43,22499,31000,Android,4.2,27.42,Orta Segment
MURPHY ,Full HD LED,32,12990,16990,Android,3.1,23.54,Ekonomik
Hisense,QLED Ultra HD,65,84990,109990,Android,4.37,22.73,Premium
CloudWalker,Ultra HD LED,55,36999,61990,Android,4.1,40.31,Orta Segment
SONY ,Full HD LED,32,31990,39990,Linux,4.5,20.01,Orta Segment
Sanyo ,Ultra HD LED,49,39999,64990,Linux,3.9,38.45,Orta Segment
Panasonic,Full HD LED,43,27990,56900,Android,4.1,50.81,Orta Segment
Vu,Ultra HD LED,50,37254,60000,Android,4.3,37.91,Orta Segment
LG ,Ultra HD LED,55,115658,212490,WebOS,4.6,45.57,Ultra Premium
SONY ,Ultra HD LED,65,152999,269900,Android,4.5,43.31,Ultra Premium
Micromax,Full HD LED,40,18990,36663,Android,4.2,48.2,Ekonomik
LG ,Full HD LED,22,13933,14500,Linux,4.6,3.91,Ekonomik
LG ,HD LED,24,14495,14500,Linux,4.4,0.03,Ekonomik
SONY ,Ultra HD LED,65,140791,209900,Android,4.8,32.92,Ultra Premium
Vu,Ultra HD LED,50,27999,55000,Android,4.4,49.09,Orta Segment
Mi ,Ultra HD LED,55,43477,44999,Android,4.32,3.38,Orta Segment
TCL ,Full HD LED,40,19489,36419,Linux,4.1,46.49,Ekonomik
Panasonic,Ultra HD LED,65,114999,179900,Linux,4.8,36.08,Ultra Premium
LG ,Ultra HD LED,43,36999,55990,WebOS,4.5,33.92,Orta Segment
LG ,HD LED,32,19603,26490,Linux,4.4,26.0,Ekonomik
Samsung,Full HD LED,50,36900,36900,Tizen,3.8,0.0,Orta Segment
PHILIPS,Ultra HD LED,55,48999,89990,Android,4.0,45.55,Orta Segment
Micromax,HD LED,22,8900,10000,Android,4.2,11.0,Ekonomik
Vu,Ultra HD LED,50,50000,50000,Android,4.4,0.0,Premium
Mi ,Full HD LED,49,32994,32999,Android,4.4,0.02,Orta Segment
Intex ,HD LED,32,12699,27990,Android,3.6,54.63,Ekonomik
KODAK ,Full HD LED,49,22999,31990,Android,4.3,28.11,Orta Segment
PHILIPS,HD LED,32,10840,24990,Android,4.1,56.62,Ekonomik
Onida,Full HD LED,49,29990,50990,Android,4.4,41.18,Orta Segment
Dektron,HD LED,24,6999,10999,Linux,4.3,36.37,Ekonomik
RGL ,Full HD LED,21,5200,9420,HomeOS,3.9,44.8,Ekonomik
SONY ,Full HD LED,52,37900,37900,Linux,4.6,0.0,Orta Segment
CloudWalker,Full HD LED,43,17499,32990,Android,4.3,46.96,Ekonomik
LG ,HD LED,24,15552,16900,Linux,2.0,7.98,Ekonomik
TOSHIBA,Ultra HD LED,43,28999,38999,VIDAA,4.35,25.64,Orta Segment
LG ,Full HD LED,22,12453,13500,Linux,4.1,7.76,Ekonomik
iFFALCON by TCL,HD LED,32,13990,18990,Android,4.2,26.33,Ekonomik
LG ,Full HD LED,32,32527,38900,WebOS,4.3,16.38,Orta Segment
SAMSUNG,Full HD LED,40,33000,43850,Tizen,3.8,24.74,Orta Segment
Micromax,HD LED,24,5792,11990,Android,4.3,51.69,Ekonomik
CloudWalker,Ultra HD LED,55,84500,84500,Android,3.7,0.0,Premium
SAMSUNG,Full HD LED,32,20126,40900,Tizen,4.4,50.79,Orta Segment
SAMSUNG,Full HD LED,32,15990,34900,Tizen,4.2,54.18,Ekonomik
Vu,HD LED,32,14999,15000,Android,4.3,0.01,Ekonomik
LumX ,HD LED,32,11990,23900,Android,4.0,49.83,Ekonomik
Panasonic,Full HD LED,43,53999,59900,Android,4.4,9.85,Premium
RGL ,Full HD LED,22,5490,9990,HomeOS,3.9,45.05,Ekonomik
LG ,Full HD LED,32,31990,31990,WebOS,4.4,0.0,Orta Segment
CloudWalker,HD LED,32,11999,19990,Android,4.3,39.97,Ekonomik
Sharp ,Ultra HD LED,50,37396,79990,Linux,3.35,53.25,Orta Segment
Akai ,HD LED,32,17500,23190,Android,4.24,24.54,Ekonomik
SONY ,Full HD LED,50,52999,79900,Linux,4.5,33.67,Premium
LG ,Full HD LED,43,25999,35990,WebOS,4.3,27.76,Orta Segment
Onida,Ultra HD LED,43,29800,49990,Android,4.1,40.39,Orta Segment
MOTOROLA,Ultra HD LED,55,39999,61600,Android,4.3,35.07,Orta Segment
Vu,Ultra HD LED,43,23999,46165,Android,4.3,48.01,Orta Segment
CloudWalker,Full HD LED,39,14999,26990,Android,4.2,44.43,Ekonomik
LG ,HD LED,32,20776,28990,WebOS,4.5,28.33,Orta Segment
CloudWalker,HD LED,32,17989,17990,Android,4.3,0.01,Ekonomik
CloudWalker,Full HD LED,43,21999,31990,Android,4.0,31.23,Orta Segment
LG ,HD LED,24,6765,13490,Linux,4.3,49.85,Ekonomik
DETEL ,HD LED,32,7833,21999,Android,4.2,64.39,Ekonomik
Vu,HD LED,32,10999,18000,Android,4.4,38.89,Ekonomik
CloudWalker,Ultra HD LED,43,24999,37990,Android,3.9,34.2,Orta Segment
Panasonic,HD LED,32,27399,27400,Android,4.4,0.0,Orta Segment
Panasonic,Ultra HD LED,49,62999,111900,Android,2.8,43.7,Premium
Panasonic,Ultra HD LED,55,90104,178900,Linux,4.18,49.63,Premium
LG ,Full HD LED,43,24930,45674,Linux,4.0,45.42,Orta Segment
Micromax,HD LED,32,16825,23990,Android,4.3,29.87,Ekonomik
Panasonic,Full HD LED,32,62900,62900,Android,4.18,0.0,Premium
KRISONS,HD LED,20,6599,7999,Android,4.23,17.5,Ekonomik
Panasonic,Full HD LED,40,34639,39900,Android,4.1,13.19,Orta Segment
Thomson,Ultra HD LED,43,24999,39999,Android,4.4,37.5,Orta Segment
Weston ,Ultra HD LED,55,59990,59990,Android,4.2,0.0,Premium
SAMSUNG,HD LED,32,13990,28900,Tizen,4.5,51.59,Ekonomik
TCL ,Ultra HD LED,65,159990,159990,Android,4.21,0.0,Ultra Premium
Panasonic,HD LED,32,26999,29900,Android,4.2,9.7,Orta Segment
Croma ,HD LED,32,13994,20000,Android,3.6,30.03,Ekonomik
TCL ,Ultra HD LED,55,116990,116990,Android,4.21,0.0,Ultra Premium
Blaupunkt,Ultra HD LED,55,29199,60000,Android,3.8,51.33,Orta Segment
RGL ,Full HD LED,50,35990,39990,HomeOS,3.9,10.0,Orta Segment
SAMSUNG,Full HD LED,46,87500,87500,Tizen,3.7,0.0,Premium
AISEN  ,Ultra HD LED,55,63900,64900,Android,3.3,1.54,Premium
Panasonic,Ultra HD LED,55,168900,168900,Android,3.8,0.0,Ultra Premium
AISEN  ,Ultra HD LED,49,47900,48900,Android,3.3,2.04,Orta Segment
SAMSUNG,Ultra HD LED,55,178900,178900,Tizen,3.9,0.0,Ultra Premium
SAMSUNG,Full HD LED,46,145500,145500,Tizen,4.28,0.0,Ultra Premium
SAMSUNG,Full HD LED,60,210900,210900,Tizen,4.28,0.0,Ultra Premium
SAMSUNG,Full HD LED,55,160500,160500,Tizen,4.28,0.0,Ultra Premium
Samsung,Full HD LED,46,139990,139990,Tizen,4.5,0.0,Ultra Premium
Samsung,Full HD LED,55,189900,189900,Tizen,4.6,0.0,Ultra Premium
SAMSUNG,Full HD LED,55,267000,267000,Tizen,4.2,0.0,Ultra Premium
G-TEN ,Full HD LED,43,14990,38990,Android,3.5,61.55,Ekonomik
Onida,Full HD LED,43,28999,33990,Android,4.1,14.68,Orta Segment
SAMSUNG,Full HD LED,55,218900,218900,Tizen,4.28,0.0,Ultra Premium
Samsung,Full HD LED,55,249990,249990,Tizen,4.3,0.0,Ultra Premium
LG ,Full HD LED,47,112000,112000,WebOS,5.0,0.0,Ultra Premium
Samsung,HD Plasma,43,45000,45000,Tizen,4.0,0.0,Orta Segment
SAMSUNG,Full HD LED,55,246900,246900,Tizen,4.28,0.0,Ultra Premium
LG ,Ultra HD LED,49,70556,84900,WebOS,4.3,16.9,Premium
Onida,HD LED,32,14990,25000,Android,4.1,40.04,Ekonomik
LG ,Full HD LED,49,62743,71900,WebOS,4.3,12.74,Premium
LG ,Ultra HD LED,55,131825,154900,WebOS,3.8,14.9,Ultra Premium
LG ,Full HD LED,49,58988,66900,WebOS,4.0,11.83,Premium
LG ,Full HD LED,47,105000,105000,WebOS,4.3,0.0,Ultra Premium
SAMSUNG,Ultra HD LED,55,178500,178500,Tizen,3.8,0.0,Ultra Premium
Samsung,HD Plasma,49,68000,68000,Tizen,3.3,0.0,Premium
LG ,Ultra HD LED,49,95007,117900,WebOS,3.4,19.42,Premium
Panasonic,Full HD LED,40,49000,50000,Android,4.18,2.0,Orta Segment
LG ,Ultra HD LED,49,77277,103900,WebOS,4.3,25.62,Premium
RGL ,Full HD LED,39,16490,29990,HomeOS,3.9,45.02,Ekonomik
LG ,Full HD LED,55,250000,250000,WebOS,4.3,0.0,Ultra Premium
LG ,Ultra HD LED,49,102325,119900,WebOS,4.3,14.66,Ultra Premium
LG ,Full HD LED,49,67260,74900,WebOS,3.6,10.2,Premium
LG ,Ultra HD LED,55,159589,189900,WebOS,3.9,15.96,Ultra Premium
TCL ,Ultra HD LED,43,47990,47990,Android,3.7,0.0,Orta Segment
LG ,HD Plasma,50,57990,57990,WebOS,4.3,0.0,Premium
Panasonic,Full HD LED,43,30743,50900,Android,4.3,39.6,Orta Segment
LG ,Full HD LED,60,210000,210000,WebOS,4.4,0.0,Ultra Premium
SAMSUNG,HD LED,32,35700,35700,Tizen,3.3,0.0,Orta Segment
IMPEX ,Full HD LED,43,54990,54990,Android,4.15,0.0,Premium
AISEN  ,Ultra HD LED,65,79990,99900,Android,3.3,19.93,Premium
SAMSUNG,Full HD LED,65,385500,385500,Tizen,4.28,0.0,Ultra Premium
LG ,Ultra HD LED,55,142237,169900,WebOS,5.0,16.28,Ultra Premium
SAMSUNG,Full HD LED,75,419900,419900,Tizen,4.28,0.0,Ultra Premium
Onix ,Ultra HD LED,55,67990,67990,Android,4.3,0.0,Premium
G-TEN ,HD LED,40,12999,26350,Android,3.9,50.67,Ekonomik
LG ,Full HD LED,60,190000,190000,WebOS,4.8,0.0,Ultra Premium
SAMSUNG,HD LED,48,70500,70500,Tizen,4.0,0.0,Premium
TCL ,Ultra HD LED,55,74990,74990,Linux,4.3,0.0,Premium
Compaq ,Full HD LED,43,22999,29999,Android,4.2,23.33,Orta Segment
Compaq ,Ultra HD LED,50,32999,39999,Android,4.4,17.5,Orta Segment
Compaq ,HD LED,32,13999,15999,Android,4.2,12.5,Ekonomik
Acer,Ultra HD LED,55,39999,54990,Android,3.8,27.26,Orta Segment
Acer,Ultra HD LED,70,69999,99990,Android,4.3,29.99,Premium
Acer,Ultra HD LED,43,34990,34990,Android,3.8,0.0,Orta Segment
Adsun,HD LED,39,13699,22999,Android,3.8,40.44,Ekonomik
Adsun,Ultra HD LED,55,28499,54999,Android,3.8,48.18,Orta Segment
Adsun,Ultra HD LED,50,23349,43999,Android,3.8,46.93,Orta Segment
Adsun,HD LED,39,15699,21999,Android,3.8,28.64,Ekonomik
AISEN  ,Ultra HD LED,43,33950,34950,Android,3.3,2.86,Orta Segment
AISEN  ,HD LED,40,17990,24990,Android,3.3,28.01,Ekonomik
AISEN  ,HD LED,32,12990,13990,Android,3.3,7.15,Ekonomik
AISEN  ,Full HD LED,32,17990,31900,Android,3.3,43.61,Ekonomik
AISEN  ,HD LED,24,8990,9990,Android,3.3,10.01,Ekonomik
Akai ,QLED Ultra HD,55,55947,99990,Android,4.24,44.05,Premium
Blaupunkt,HD LED,32,7999,18000,Android,4.2,55.56,Ekonomik
Blaupunkt,HD LED,24,5999,11000,Android,4.1,45.46,Ekonomik
Blaupunkt,HD LED,32,9999,22000,Android,4.1,54.55,Ekonomik
Blaupunkt,Ultra HD LED,49,25999,45000,Android,4.0,42.22,Orta Segment
Blaupunkt,Full HD LED,43,15999,32000,Android,4.2,50.0,Ekonomik
Blaupunkt,Full HD LED,40,15999,28000,Android,4.1,42.86,Ekonomik
Blaupunkt,Ultra HD LED,43,21999,40000,Android,3.9,45.0,Orta Segment
Blaupunkt,Ultra HD LED,49,28999,55000,Android,4.1,47.27,Orta Segment
Coocaa ,Ultra HD LED,50,28990,53990,Android,4.1,46.3,Orta Segment
Coocaa ,Ultra HD LED,50,25999,59990,Android,4.3,56.66,Orta Segment
Coocaa ,Ultra HD LED,55,31999,69999,Android,4.3,54.29,Orta Segment
Dektron,HD LED,19,5499,8999,Linux,4.3,38.89,Ekonomik
Dektron,HD LED,22,6999,10999,Linux,4.3,36.37,Ekonomik
Dektron,HD LED,20,7399,9999,Linux,4.3,26.0,Ekonomik
DETEL ,HD LED,32,11300,23999,Android,3.9,52.91,Ekonomik
G-TEN ,Full HD LED,43,16490,47990,Android,3.8,65.64,Ekonomik
G-TEN ,HD LED,32,9990,17990,Android,4.3,44.47,Ekonomik
G-TEN ,Ultra HD LED,50,22499,58890,Android,3.7,61.79,Orta Segment
G-TEN ,Ultra HD LED,55,29399,65990,Android,3.9,55.45,Orta Segment
G-TEN ,HD LED,32,12990,19990,Android,3.8,35.02,Ekonomik
Haier ,Full HD LED,42,30999,44990,Android,5.0,31.1,Orta Segment
Haier ,Full HD LED,43,30990,38642,Android,4.5,19.8,Orta Segment
Haier ,Ultra HD LED,50,38590,54990,Android,4.3,29.82,Orta Segment
Haier ,HD LED,32,21599,25990,Android,4.0,16.89,Orta Segment
Haier ,Ultra HD LED,55,54499,89990,Android,4.6,39.44,Premium
Haier ,Ultra HD LED,50,42000,69990,Android,4.0,39.99,Orta Segment
Haier ,Ultra HD LED,55,47899,77990,Android,4.37,38.58,Orta Segment
Haier ,HD LED,39,15990,31999,Android,4.3,50.03,Ekonomik
Haier ,HD LED,32,7739,19990,Android,4.0,61.29,Ekonomik
HUIDI ,HD LED,32,9499,16599,Android,4.0,42.77,Ekonomik
HUIDI ,Ultra HD LED,49,26999,36999,Android,4.5,27.03,Orta Segment
HUIDI ,Ultra HD LED,55,36999,46999,Android,4.1,21.28,Orta Segment
iFFALCON by TCL,Ultra HD LED,50,28999,58990,Android,4.3,50.84,Orta Segment
iFFALCON by TCL,Ultra HD LED,55,113990,113990,Android,4.29,0.0,Ultra Premium
iFFALCON by TCL,Ultra HD LED,65,49999,99990,Android,4.29,50.0,Orta Segment
IMPEX ,HD LED,32,9999,16990,HomeOS,3.6,41.15,Ekonomik
IMPEX ,HD LED,32,11390,18190,HomeOS,4.7,37.38,Ekonomik
IMPEX ,HD LED,24,7999,12990,HomeOS,4.4,38.42,Ekonomik
IMPEX ,Ultra HD LED,55,60859,89990,Android,4.15,32.37,Premium
IMPEX ,Full HD LED,50,31000,49990,Android,4.15,37.99,Orta Segment
Intex ,HD LED,38,19800,34600,Android,5.0,42.77,Ekonomik
Intex ,Full HD LED,55,49900,49900,Android,4.3,0.0,Orta Segment
Intex ,Full HD LED,50,29499,39999,Android,3.8,26.25,Orta Segment
Intex ,Full HD LED,43,23688,47990,Android,4.2,50.64,Orta Segment
Intex ,Full HD LED,43,35999,35999,Android,4.2,0.0,Orta Segment
JVC,Ultra HD LED,65,55000,109000,Android,4.1,49.54,Premium
JVC,HD LED,32,16990,21000,Android,4.1,19.1,Ekonomik
JVC,HD LED,24,12999,12999,Android,3.8,0.0,Ekonomik
KRISONS,HD LED,19,5499,7999,Android,4.23,31.25,Ekonomik
KRISONS,HD LED,17,5499,6999,Android,4.23,21.43,Ekonomik
Lloyd ,Full HD LED,39,22990,39990,Linux,3.8,42.51,Orta Segment
Lloyd ,Full HD LED,48,39999,50990,Linux,4.05,21.56,Orta Segment
Lloyd ,Ultra HD LED,43,33999,69990,Linux,4.2,51.42,Orta Segment
Lloyd ,HD LED,32,14990,19990,Linux,4.3,25.01,Ekonomik
Lloyd ,Ultra HD LED,42,25990,59900,Linux,3.5,56.61,Orta Segment
Lloyd ,Full HD LED,55,114990,114990,Linux,4.05,0.0,Ultra Premium
Lloyd ,Full HD LED,46,55990,55990,Linux,5.0,0.0,Premium
Lloyd ,HD LED,32,11000,20990,Linux,3.7,47.59,Ekonomik
Lloyd ,HD LED,24,8103,15990,Linux,3.7,49.32,Ekonomik
Lloyd ,Ultra HD LED,55,51999,99990,Linux,3.7,48.0,Premium
Lloyd ,HD LED,24,13200,14990,Linux,2.5,11.94,Ekonomik
Lloyd ,Full HD LED,43,25490,39000,Linux,4.05,34.64,Orta Segment
LumX ,HD LED,24,7290,17900,Android,4.3,59.27,Ekonomik
LumX ,HD LED,40,29990,29990,Android,4.0,0.0,Orta Segment
LumX ,Ultra HD LED,55,65900,65900,Android,4.0,0.0,Premium
MarQ by Flipkart,HD LED,24,7499,14999,Android,4.2,50.0,Ekonomik
MarQ by Flipkart,Full HD LED,24,6999,11499,Android,4.3,39.13,Ekonomik
MarQ by Flipkart,Full HD LED,32,9499,16499,Android,4.3,42.43,Ekonomik
MarQ by Flipkart,HD LED,32,13499,15499,Android,4.1,12.9,Ekonomik
MarQ by Flipkart,Full HD LED,40,18999,29499,Linux,4.3,35.59,Ekonomik
MarQ by Flipkart,HD LED,32,10499,18499,Linux,4.3,43.25,Ekonomik
Micromax,Ultra HD LED,43,91990,91990,Android,4.0,0.0,Premium
Micromax,Full HD LED,40,29990,29990,Android,4.0,0.0,Orta Segment
Micromax,Full HD LED,49,65990,65990,Android,4.4,0.0,Premium
Micromax,Full HD LED,50,66990,66990,Android,4.3,0.0,Premium
Micromax,Full HD LED,55,71990,71990,Android,4.2,0.0,Premium
Micromax,HD LED,24,11999,13490,Android,3.9,11.05,Ekonomik
Micromax,Full HD LED,24,6179,13390,Android,4.2,53.85,Ekonomik
Micromax,HD LED,20,5364,10990,Android,4.1,51.19,Ekonomik
MOTOROLA,Ultra HD LED,55,42999,61999,Android,4.4,30.65,Orta Segment
MURPHY ,Full HD LED,32,13990,14999,Android,3.7,6.73,Ekonomik
MURPHY ,HD LED,24,7490,12990,Android,3.0,42.34,Ekonomik
MURPHY ,Full HD LED,32,16799,17999,Android,2.6,6.67,Ekonomik
OnePlus,Ultra HD LED,50,43999,49999,Android,4.3,12.0,Orta Segment
OnePlus,QLED Ultra HD,55,84990,99900,Android,4.8,14.92,Premium
OnePlus,Ultra HD LED,65,66999,69999,Android,4.3,4.29,Premium
OnePlus,QLED Ultra HD,55,62899,69900,Android,4.6,10.02,Premium
Onida,HD LED,24,8359,13490,Android,4.2,38.04,Ekonomik
Onida,HD LED,32,22990,22990,Android,4.7,0.0,Orta Segment
Onida,Ultra HD LED,43,33190,52900,Android,4.2,37.26,Orta Segment
Onida,Full HD LED,32,56990,56990,Android,5.0,0.0,Premium
Onida,Full HD LED,32,35990,35990,Android,4.7,0.0,Orta Segment
Onix ,HD LED,32,19790,19790,Android,4.3,0.0,Ekonomik
Onix ,HD LED,39,14990,26349,Android,3.7,43.11,Ekonomik
Onix ,Full HD LED,39,35990,35990,Android,4.3,0.0,Orta Segment
Oxygen ,Ultra HD LED,65,56990,124990,Android,4.24,54.4,Premium
Oxygen ,Ultra HD LED,43,27999,42990,Android,4.24,34.87,Orta Segment
Panasonic,Ultra HD LED,43,30001,79900,HomeOS,4.3,62.45,Orta Segment
Panasonic,Ultra HD LED,49,43259,66900,HomeOS,4.18,35.34,Orta Segment
Panasonic,Ultra HD LED,55,55890,82400,HomeOS,4.18,32.17,Premium
PHILIPS,Full HD LED,43,28999,35990,Linux,4.0,19.42,Orta Segment
PHILIPS,HD LED,32,18999,20990,Linux,4.0,9.49,Ekonomik
PHILIPS,Full HD LED,43,33459,36990,Android,4.5,9.55,Orta Segment
PHILIPS,Full HD LED,22,6649,12990,Android,3.9,48.81,Ekonomik
Power Guard,HD LED,24,10990,12990,HomeOS,4.24,15.4,Ekonomik
Power Guard,HD LED,24,11999,14990,Android,4.24,19.95,Ekonomik
Power Guard,HD LED,32,13300,19990,HomeOS,4.24,33.47,Ekonomik
Power Guard,HD LED,32,15650,28990,Android,4.24,46.02,Ekonomik
realme ,HD LED,32,11999,21999,Linux,4.3,45.46,Ekonomik
realme ,Ultra HD LED,55,46999,69999,Android,4.3,32.86,Orta Segment
RGL ,Full HD LED,20,4849,8990,HomeOS,3.9,46.06,Ekonomik
RGL ,Full HD LED,24,5459,12000,HomeOS,3.9,54.51,Ekonomik
RGL ,HD LED,32,11290,16990,HomeOS,3.7,33.55,Ekonomik
Weston ,Full HD LED,40,27990,27990,Android,4.4,0.0,Orta Segment
Weston ,Full HD LED,43,37990,37990,Android,3.9,0.0,Orta Segment
Weston ,Ultra HD LED,43,40990,40990,Android,4.3,0.0,Orta Segment
Weston ,Full HD LED,49,49990,49990,Android,4.4,0.0,Orta Segment
Vu,Ultra HD LED,65,116000,116000,Linux,4.5,0.0,Ultra Premium
Vu,Full HD LED,40,16999,27000,Linux,4.4,37.04,Ekonomik
Vu,Ultra HD LED,43,23999,46165,Linux,4.3,48.01,Orta Segment
Vu,Ultra HD LED,50,26360,41990,Linux,4.4,37.22,Orta Segment
VG ,HD LED,32,15990,20500,Android,4.24,22.0,Ekonomik
VG ,HD LED,39,17999,31000,Android,4.24,41.94,Ekonomik
T-Series,HD LED,32,12499,17990,Linux,3.8,30.52,Ekonomik
T-Series,HD LED,32,16499,18990,Android,3.9,13.12,Ekonomik
T-Series,HD LED,32,15999,20990,Android,3.8,23.78,Ekonomik
T-Series,Full HD LED,40,18499,25990,Android,3.8,28.82,Ekonomik
TOSHIBA,Full HD LED,43,24999,31990,VIDAA,4.35,21.85,Orta Segment
TOSHIBA,Ultra HD LED,65,66999,84990,VIDAA,4.5,21.17,Premium
TOSHIBA,Full HD LED,49,29999,51999,VIDAA,4.35,42.31,Orta Segment
TOSHIBA,Ultra HD LED,65,96999,133990,VIDAA,4.35,27.61,Premium
TCL ,HD LED,32,6166,19990,HomeOS,4.2,69.15,Ekonomik
TCL ,HD LED,24,6940,15490,HomeOS,4.2,55.2,Ekonomik
TCL ,HD LED,40,8679,29990,HomeOS,4.0,71.06,Ekonomik
Sharp ,Full HD LED,60,229900,229900,Linux,3.35,0.0,Ultra Premium
Sharp ,Full HD LED,46,151990,151990,Linux,3.35,0.0,Ultra Premium
Sharp ,Full HD LED,70,449900,449900,Linux,3.35,0.0,Ultra Premium
Sharp ,Full HD LED,52,199990,199990,Linux,3.35,0.0,Ultra Premium
Sharp ,Full HD LED,40,103990,103990,Linux,3.35,0.0,Ultra Premium
Sharp ,HD LED,32,15990,22500,Linux,3.0,28.93,Ekonomik
Sharp ,HD LED,24,8220,14990,Linux,3.7,45.16,Ekonomik
Sansui ,Ultra HD LED,43,30490,35350,Linux,4.1,13.75,Orta Segment
Sansui ,Ultra HD LED,55,40999,53290,Linux,4.2,23.06,Orta Segment
Sansui ,QLED Ultra HD,55,49900,72590,Linux,4.3,31.26,Orta Segment
Sansui ,Ultra HD LED,65,47999,70290,Linux,4.1,31.71,Orta Segment
Sansui ,Full HD LED,49,25999,49999,Android,4.3,48.0,Orta Segment
Sansui ,Ultra HD LED,49,59990,59990,Linux,4.14,0.0,Premium
Sansui ,HD LED,24,10500,14900,Android,4.14,29.53,Ekonomik
SONY ,Ultra HD LED,55,79290,109900,Linux,4.7,27.85,Premium
SONY ,Ultra HD LED,65,118641,183249,Linux,4.7,35.26,Ultra Premium
SONY ,Ultra HD LED,50,83491,99913,Linux,4.7,16.44,Premium
SONY ,Full HD LED,43,53423,53423,Linux,4.4,0.0,Premium
SONY ,Full HD LED,40,29999,49900,Linux,4.4,39.88,Orta Segment
SONY ,HD LED,32,25990,31990,Linux,4.4,18.76,Orta Segment
SONY ,Full HD LED,32,21223,33900,Linux,4.5,37.4,Orta Segment
SONY ,Ultra HD LED,49,54999,114900,Linux,4.6,52.13,Premium
SONY ,Full HD LED,43,44999,57900,Linux,4.4,22.28,Orta Segment
SONY ,Full HD LED,40,41499,51900,Linux,4.6,20.04,Orta Segment
SONY ,Ultra HD LED,65,149990,184990,Linux,4.3,18.92,Ultra Premium
SONY ,HD LED,32,32900,32900,Linux,4.4,0.0,Orta Segment
SONY ,Full HD LED,43,56900,56900,Linux,4.6,0.0,Premium
